val_loss,val_accuracy,loss,accuracy
2.614662398529053,0.10140000283718109,2.636127270634969,0.096433334
2.5485984886169435,0.11379999667406082,2.5688876775105793,0.10895
2.48725616645813,0.12770000100135803,2.5063084398905437,0.12233333
