val_loss,val_accuracy,loss,accuracy
2.6144830699920654,0.1014999970793724,2.6362163447062175,0.09663333
2.548460443496704,0.11420000344514847,2.568584650548299,0.10895
