val_loss,val_accuracy,loss,accuracy
2.614544092178345,0.1014999970793724,2.6362963516235354,0.0968
2.5485627979278562,0.11410000175237656,2.568713899230957,0.10881667
