val_loss,val_accuracy,loss,accuracy
2.6858954662323,0.09139999747276306,2.6714562950134275,0.0919
2.6858954662323,0.09139999747276306,2.6714562965393065,0.0919
2.6858954662323,0.09139999747276306,2.671456292470296,0.0919
2.6858954662323,0.09139999747276306,2.6714562974294025,0.0919
