val_loss,val_accuracy,loss,accuracy
2.614599922180176,0.1014999970793724,2.636402700551351,0.0966
2.548576689147949,0.11389999836683273,2.5686321418762206,0.109066665
2.487372018814087,0.12759999930858612,2.506282157643636,0.122033335
