val_loss,val_accuracy,loss,accuracy
2.7004879760742186,0.3160000145435333,1149.39141941274,0.23615
2.2508796329498293,0.42289999127388,2.18605165087382,0.45293334
1.5668429502487182,0.5849999785423279,1.8785864147822062,0.51246667
2.547905070114136,0.0982000008225441,1.6436471219380697,0.56
2.333519386291504,0.10279999673366547,2.409768106460571,0.10555
2.318970548629761,0.10320000350475311,2.323973808670044,0.10493334
