val_loss,val_accuracy,loss,accuracy
5.361635593744873e+33,0.15790000557899475,3.0079529408769886e+33,0.10396667
nan,0.09799999743700027,nan,0.10235
nan,0.09799999743700027,nan,0.09871667
nan,0.09799999743700027,nan,0.09871667
