val_loss,val_accuracy,loss,accuracy
2.6858954662323,0.09139999747276306,2.671456284077962,0.0919
2.6858954662323,0.09139999747276306,2.671456303660075,0.0919
2.6858954662323,0.09139999747276306,2.671456298573812,0.0919
2.6858954662323,0.09139999747276306,2.671456308492025,0.0919
