val_loss,val_accuracy,loss,accuracy
0.3506651136636734,0.9082000255584717,0.8139679080645243,0.77425
0.22435952680110932,0.9477999806404114,0.28038983824253083,0.93236667
0.18560658119916915,0.9589999914169312,0.2124406875928243,0.9509
0.1664086044371128,0.9620000123977661,0.1788141334136327,0.96096665
