val_loss,val_accuracy,loss,accuracy
2.6858954662323,0.09139999747276306,2.671456291707357,0.0919
2.6858954662323,0.09139999747276306,2.6714562987009685,0.0919
2.6858954662323,0.09139999747276306,2.671456290435791,0.0919
2.6858954662323,0.09139999747276306,2.6714562887827555,0.0919
