val_loss,val_accuracy,loss,accuracy
0.3184451605081558,0.9239000082015991,0.8214715586821238,0.772
0.238268321621418,0.9434999823570251,0.2786839710871379,0.9321333
0.18207063992023467,0.957099974155426,0.21153340173562368,0.95185
0.16056754046678542,0.9653000235557556,0.1801039958079656,0.96036667
0.15538035044074058,0.9660999774932861,0.16052999815940858,0.9661667
0.1350285120666027,0.972599983215332,0.14657172728379567,0.97
0.1302892289876938,0.9732999801635742,0.13725896402994792,0.9731333
0.1172610728085041,0.978600025177002,0.1290050378203392,0.97578335
0.11303168900609016,0.9797000288963318,0.12279194979667664,0.97735
