val_loss,val_accuracy,loss,accuracy
0.11356748152971267,0.98089998960495,0.39410216471354165,0.89161664
0.11472102241516113,0.9787999987602234,0.12191436774730682,0.97718334
0.09907915053963662,0.9825000166893005,0.09895419095754623,0.9833
0.18897370972633362,0.9557999968528748,0.08864554031689961,0.9857
0.14298341078162194,0.9671000242233276,0.07562380444606145,0.9888167
0.14063432612419127,0.970300018787384,0.07809857242107392,0.9877167
