val_loss,val_accuracy,loss,accuracy
8.279656808688124e+19,0.0957999974489212,1.2775232886330733e+22,0.101516664
8.279656808688124e+19,0.11349999904632568,8.279656808688124e+19,0.099983335
8.279656808688124e+19,0.09740000218153,8.279656808688124e+19,0.103316665
8.279656808688124e+19,0.09799999743700027,8.279656808688124e+19,0.10101666
