val_loss,val_accuracy,loss,accuracy
2.6858954662323,0.09139999747276306,2.671456285603841,0.0919
2.6858954662323,0.09139999747276306,2.6714562797546386,0.0919
2.6858954662323,0.09139999747276306,2.671456294377645,0.0919
2.6858954662323,0.09139999747276306,2.671456302388509,0.0919
