val_loss,val_accuracy,loss,accuracy
2.614569913864136,0.10159999877214432,2.6362362916310627,0.096933335
2.5485727489471435,0.11410000175237656,2.5688643379211427,0.10891667
2.487288116836548,0.12790000438690186,2.5060966987609863,0.12228333
