val_loss,val_accuracy,loss,accuracy
2.6145811492919924,0.1014999970793724,2.6364659360249836,0.09678333
2.548459827041626,0.11379999667406082,2.568723436609904,0.10881667
