val_loss,val_accuracy,loss,accuracy
0.32090091092586515,0.9193000197410583,0.817308418003718,0.77283335
0.22877267050743103,0.946399986743927,0.2800601873636246,0.93155
0.20224194964170455,0.9524999856948853,0.21338923308054605,0.95103335
0.16218293328881264,0.9656999707221985,0.18032016994158426,0.96005
0.14577921761870385,0.9685999751091003,0.1610853495756785,0.96606666
0.13927154049277304,0.9711999893188477,0.147912260723114,0.9701333
0.12665017569065093,0.9753999710083008,0.13815997942288716,0.97256666
0.1216413008570671,0.9768000245094299,0.12994875435829162,0.97513336
0.12973126626610756,0.9736999869346619,0.12342893594900767,0.977
