val_loss,val_accuracy,loss,accuracy
0.3328656832933426,0.914900004863739,0.8228539772033692,0.77203333
0.24315078152418138,0.9387999773025513,0.28199982860088346,0.93163335
0.18223734600543975,0.9577999711036682,0.2127856375058492,0.9515333
0.16861947495937346,0.9616000056266785,0.17811623775164287,0.96103334
0.14269120190739631,0.9706000089645386,0.15924401677846908,0.9662167
0.12815315660834312,0.9750000238418579,0.1458321091890335,0.9707
0.1242958254814148,0.9750000238418579,0.13565796631971996,0.9742
0.14551489731669426,0.9679999947547913,0.1277973786354065,0.9763833
0.11811283608675004,0.977400004863739,0.12221081945498784,0.9773
