val_loss,val_accuracy,loss,accuracy
0.3345430728793144,0.9186999797821045,0.8255222599665324,0.77166665
0.2203791055560112,0.948199987411499,0.2817274774710337,0.9321833
0.1826434838950634,0.9588000178337097,0.21538109340667724,0.95005
0.16400579665899276,0.9638000130653381,0.18122242274284361,0.9603
