val_loss,val_accuracy,loss,accuracy
6.957571575149056e+24,0.08919999748468399,4.271945098442004e+23,0.10835
2.03200785852461e+26,0.10100000351667404,1.50834704159311e+27,0.098866664
2.028108241619852e+26,0.10100000351667404,2.045386550821528e+26,0.102183335
2.0242079913276894e+26,0.10100000351667404,2.0414857837253835e+26,0.102183335
