val_loss,val_accuracy,loss,accuracy
0.10541739826202393,0.9819999933242798,0.39203767601648964,0.89131665
0.10435626305937767,0.9825999736785889,0.11999992853005727,0.97765
0.1622555305182934,0.9635000228881836,0.09733267884254455,0.98425
0.16551329928636552,0.9620000123977661,0.08517021709283193,0.98665
0.07638390348553657,0.9882000088691711,0.07789125488996505,0.98793334
0.07030764266252518,0.9886000156402588,0.07039169776240985,0.98965
0.07957224669456482,0.987500011920929,0.06736470109820365,0.98995
0.22623289718031883,0.9495999813079834,0.0639565063993136,0.9906667
0.0895042887210846,0.9822999835014343,0.06386855420271556,0.99085
