val_loss,val_accuracy,loss,accuracy
2.880106695556641,0.21660000085830688,1146.350022741445,0.15941666
2.3658735439300536,0.3562999963760376,2.5187435264587403,0.37401667
2.252983521652222,0.3653999865055084,1.9673260963439942,0.55158335
1.5366135934829712,0.5595999956130981,1.595644509824117,0.6095
1.0993354648590088,0.7106999754905701,1.203677029101054,0.6900333
2.3797767288208007,0.10279999673366547,1.5077790878295898,0.52505
2.367058422470093,0.11349999904632568,2.903386989212036,0.1026
2.3427769092559814,0.10100000351667404,2.346271240361532,0.10628334
