val_loss,val_accuracy,loss,accuracy
0.3226345930814743,0.9193000197410583,0.8170334517478943,0.7744167
0.2532145943284035,0.9413999915122986,0.27865414562225344,0.9328
0.1946988053739071,0.9545999765396118,0.21379449824492136,0.95068336
0.16190673783421516,0.9646000266075134,0.1805804680744807,0.9594833
