val_loss,val_accuracy,loss,accuracy
197305458101741.16,0.0957999974489212,355133791123956.5,0.09898333
115861183228647.83,0.10090000182390213,140364646472220.67,0.10118333
104353241144859.03,0.09740000218153,108084258941173.77,0.09983333
100188885347834.27,0.08919999748468399,102044879300713.95,0.09943333
97601301957627.08,0.09799999743700027,98437635044103.52,0.09875
97577968219036.06,0.09740000218153,97791826451863.97,0.09985
97741740892068.25,0.10279999673366547,97813432593547.27,0.100716665
97582200533496.62,0.10279999673366547,97755365378376.77,0.099183336
97729849161102.12,0.0982000008225441,97808813105680.66,0.09973333
