val_loss,val_accuracy,loss,accuracy
2.6144921394348146,0.1014999970793724,2.635998253885905,0.09661666
2.54842180519104,0.11400000005960464,2.5684459364573162,0.10865
2.486996538543701,0.12800000607967377,2.505966476313273,0.1224
