val_loss,val_accuracy,loss,accuracy
0.3281711836338043,0.9192000031471252,0.811270127805074,0.77465
0.23884600406885148,0.9415000081062317,0.2814982215801875,0.93091667
0.21196258336305618,0.9496999979019165,0.2144269717057546,0.9509
0.15859219492673873,0.9664000272750854,0.1807227257847786,0.9604
0.14740479813814164,0.968500018119812,0.16040568705399832,0.96653336
0.1379933065533638,0.9714999794960022,0.14633209786017737,0.97015
0.12317928186655044,0.9772999882698059,0.13658947397470475,0.9734333
0.12594914710521699,0.9750999808311462,0.1286238091627757,0.97583336
0.11350251902341843,0.9796000123023987,0.12271405023733775,0.97748333
