val_loss,val_accuracy,loss,accuracy
nan,0.09799999743700027,nan,0.09983333
nan,0.09799999743700027,nan,0.09871667
nan,0.09799999743700027,nan,0.09871667
