val_loss,val_accuracy,loss,accuracy
2.614740745162964,0.10140000283718109,2.6362877686818442,0.0966
2.548781728744507,0.11400000005960464,2.568959434382121,0.108616665
