val_loss,val_accuracy,loss,accuracy
0.11385858703255654,0.9801999926567078,0.3978493590871493,0.89445
0.09896920860409737,0.9829000234603882,0.12019419482946396,0.9781167
0.1286655705988407,0.9757000207901001,0.09936601598660151,0.98275
0.09836819353103637,0.9818000197410583,0.09670362371603648,0.984
0.07864244505763054,0.9865000247955322,0.0731862668355306,0.98966664
0.06949324406385422,0.989300012588501,0.07020017102162043,0.98943335
0.07365749001502991,0.9887999892234802,0.06772144485314686,0.9895333
0.09489319224357605,0.980400025844574,0.06650657117366791,0.9900333
0.1252879647731781,0.9746000170707703,0.06177707367738088,0.9910333
