val_loss,val_accuracy,loss,accuracy
0.3261065821886063,0.9194999933242798,0.8139986417770386,0.7733167
0.22282291139364244,0.9483000040054321,0.2797493671178818,0.93261665
0.18574905507564546,0.9574000239372253,0.21318097573916117,0.95103335
0.16281660534143447,0.965499997138977,0.18020636724630992,0.96025
0.1491944548368454,0.9675999879837036,0.16008328958352408,0.96611667
0.13414403899908064,0.9726999998092651,0.14643434373140335,0.97031665
0.13057697826623918,0.9746999740600586,0.13706832025051116,0.97283334
0.12743764719963074,0.974399983882904,0.12887570838133494,0.97568333
0.11397362574934959,0.9789999723434448,0.12218294747670491,0.97796667
