val_loss,val_accuracy,loss,accuracy
0.1367451779305935,0.9739999771118164,0.433727434182167,0.8844
0.09274413304328918,0.9861000180244446,0.1151048704902331,0.97976667
0.078838605427742,0.9883999824523926,0.10010222713152568,0.98195
0.10070337581038476,0.9817000031471252,0.08619097861448924,0.9859167
0.07617343083024025,0.9882000088691711,0.07749516307115555,0.98785
0.0686797212421894,0.9901999831199646,0.07265116409460703,0.98913336
0.07441913824081421,0.9886999726295471,0.06923761445879936,0.9894
0.08639801930189132,0.9850999712944031,0.06250853728055954,0.99088335
0.13478901407122612,0.9743000268936157,0.06005938689311346,0.99146664
