val_loss,val_accuracy,loss,accuracy
2.424965703910325e+16,0.09740000218153,4.941457357525783e+16,0.09703334
1.7076279984479272e+16,0.09740000218153,2.066492186406281e+16,0.09751666
1.0303944035676454e+16,0.09740000218153,1.373183771098879e+16,0.09751666
5906965291237953.0,0.09740000218153,7680875044345899.0,0.09751666
2965620256698217.5,0.09740000218153,4443054236757638.0,0.09751666
1.1035043355871849e+18,0.10090000182390213,9.054393765455836e+17,0.09831667
1.0003078255722941e+18,0.10090000182390213,1.0501032977303136e+18,0.09915
8.980497412550313e+17,0.10090000182390213,9.474165651765738e+17,0.09915
