val_loss,val_accuracy,loss,accuracy
2.9906354076385497,0.18960000574588776,1408.5978983810426,0.16315
2.9546610622406004,0.2671999931335449,2.6845037659962974,0.3313
1.7631617595672608,0.557200014591217,2.0480812264760337,0.5094
2.5794572330474854,0.09799999743700027,2.4656493068695067,0.22015
2.3378384063720703,0.10100000351667404,2.4225675690968833,0.10386667
2.306111096954346,0.11349999904632568,2.3132269035339355,0.10611667
