val_loss,val_accuracy,loss,accuracy
2.614460173797607,0.10140000283718109,2.6362231101989746,0.0965
2.5485840496063235,0.11400000005960464,2.568927839279175,0.1089
2.4871733612060547,0.12800000607967377,2.505959315617879,0.12258333
