val_loss,val_accuracy,loss,accuracy
2.764090185165405,0.2946999967098236,1685.2677583969116,0.23528333
2.336672732543945,0.4830000102519989,2.491922054417928,0.36681667
1.712547240638733,0.6064000129699707,2.1001942112604777,0.49595
1.6641520236968994,0.5001999735832214,1.9118412905375162,0.51171666
0.8904842863082886,0.743399977684021,1.3353387163162231,0.61435
1.4499412271499634,0.5281000137329102,1.2479297183354696,0.6262
1.2382554985046386,0.5902000069618225,1.0839321268717448,0.65416664
1.4392267053604126,0.5264000296592712,1.3945106976826986,0.5378
