val_loss,val_accuracy,loss,accuracy
2.6144840576171875,0.1014999970793724,2.6361871053059898,0.0968
2.5484229148864745,0.11400000005960464,2.5685994466145834,0.10895
