val_loss,val_accuracy,loss,accuracy
2.6858954177856447,0.09139999747276306,2.6714562755584716,0.0919
2.6858954177856447,0.09139999747276306,2.6714562740325927,0.0919
2.6858954177856447,0.09139999747276306,2.671456278991699,0.0919
2.6858954177856447,0.09139999747276306,2.6714562987009685,0.0919
