val_loss,val_accuracy,loss,accuracy
2.6858954177856447,0.09139999747276306,2.671456290435791,0.0919
2.6858954177856447,0.09139999747276306,2.671456289164225,0.0919
2.6858954177856447,0.09139999747276306,2.6714562842051186,0.0919
2.6858954177856447,0.09139999747276306,2.671456275177002,0.0919
