val_loss,val_accuracy,loss,accuracy
2.6858954662323,0.09139999747276306,2.671456300608317,0.0919
2.6858954662323,0.09139999747276306,2.671456285603841,0.0919
2.6858954662323,0.09139999747276306,2.671456287765503,0.0919
2.6858954662323,0.09139999747276306,2.67145629196167,0.0919
