val_loss,val_accuracy,loss,accuracy
2.6858954662323,0.09139999747276306,2.671456290181478,0.0919
2.6858954662323,0.09139999747276306,2.67145628712972,0.0919
2.6858954662323,0.09139999747276306,2.6714562965393065,0.0919
2.6858954662323,0.09139999747276306,2.671456299082438,0.0919
